country,slug,continent
Algeria,algeria,Africa
Angola,angola,Africa
Benin,benin,Africa
Botswana,botswana,Africa
Burkina Faso,burkina-faso,Africa
Burundi,burundi,Africa
Cameroon,cameroon,Africa
Cape Verde,cape-verde,Africa
Central African Republic,central-african-republic,Africa
Chad,chad,Africa
Comoros,comoros,Africa
Côte d'Ivoire,cote-d-ivoire,Africa
Democratic Republic of the Congo,democratic-republic-of-the-congo,Africa
Djibouti,djibouti,Africa
Egypt,egypt,Africa
Equatorial Guinea,equatorial-guinea,Africa
Eritrea,eritrea,Africa
Eswatini,eswatini,Africa
Ethiopia,ethiopia,Africa
Gabon,gabon,Africa
Gambia,gambia,Africa
Ghana,ghana,Africa
Guinea,guinea,Africa
Guinea-Bissau,guinea-bissau,Africa
Kenya,kenya,Africa
Lesotho,lesotho,Africa
Liberia,liberia,Africa
Libya,libya,Africa
Madagascar,madagascar,Africa
Malawi,malawi,Africa
Mali,mali,Africa
Mauritania,mauritania,Africa
Mauritius,mauritius,Africa
Morocco,morocco,Africa
Mozambique,mozambique,Africa
Namibia,namibia,Africa
Niger,niger,Africa
Nigeria,nigeria,Africa
Republic of the Congo,republic-of-the-congo,Africa
Rwanda,rwanda,Africa
Sao Tome and Principe,sao-tome-and-principe,Africa
Senegal,senegal,Africa
Seychelles,seychelles,Africa
Sierra Leone,sierra-leone,Africa
Somalia,somalia,Africa
South Africa,south-africa,Africa
South Sudan,south-sudan,Africa
Sudan,sudan,Africa
Tanzania,tanzania,Africa
Togo,togo,Africa
Tunisia,tunisia,Africa
Uganda,uganda,Africa
Western Sahara,western-sahara,Africa
Zambia,zambia,Africa
Zimbabwe,zimbabwe,Africa
Antarctica,antarctica,Antarctica
Afghanistan,afghanistan,Asia
Armenia,armenia,Asia
Azerbaijan,azerbaijan,Asia
Bahrain,bahrain,Asia
Bangladesh,bangladesh,Asia
Bhutan,bhutan,Asia
Brunei,brunei,Asia
Cambodia,cambodia,Asia
China,china,Asia
Georgia,georgia,Asia
India,india,Asia
Indonesia,indonesia,Asia
Iran,iran,Asia
Iraq,iraq,Asia
Israel,israel,Asia
Japan,japan,Asia
Jordan,jordan,Asia
Kazakhstan,kazakhstan,Asia
Kuwait,kuwait,Asia
Kyrgyzstan,kyrgyzstan,Asia
Laos,laos,Asia
Lebanon,lebanon,Asia
Malaysia,malaysia,Asia
Maldives,maldives,Asia
Mongolia,mongolia,Asia
Myanmar,myanmar,Asia
Nepal,nepal,Asia
North Korea,north-korea,Asia
Oman,oman,Asia
Pakistan,pakistan,Asia
Palestine,palestine,Asia
Philippines,philippines,Asia
Qatar,qatar,Asia
Saudi Arabia,saudi-arabia,Asia
Singapore,singapore,Asia
South Korea,south-korea,Asia
Sri Lanka,sri-lanka,Asia
Syria,syria,Asia
Taiwan,taiwan,Asia
Tajikistan,tajikistan,Asia
Thailand,thailand,Asia
Timor-Leste,timor-leste,Asia
Turkmenistan,turkmenistan,Asia
United Arab Emirates,united-arab-emirates,Asia
Uzbekistan,uzbekistan,Asia
Vietnam,vietnam,Asia
Yemen,yemen,Asia
American Samoa,american-samoa,Australia
Australia,australia,Australia
Christmas Island,christmas-island,Australia
Cocos (Keeling) Islands,cocos-keeling-islands,Australia
Cook Islands,cook-islands,Australia
Federated States of Micronesia,federated-states-of-micronesia,Australia
Fiji,fiji,Australia
French Polynesia,french-polynesia,Australia
Guam,guam,Australia
Kiribati,kiribati,Australia
Marshall Islands,marshall-islands,Australia
Nauru,nauru,Australia
New Caledonia,new-caledonia,Australia
New Zealand,new-zealand,Australia
Niue,niue,Australia
Palau,palau,Australia
Papua New Guinea,papua-new-guinea,Australia
Samoa,samoa,Australia
Solomon Islands,solomon-islands,Australia
Tonga,tonga,Australia
Tuvalu,tuvalu,Australia
Vanuatu,vanuatu,Australia
Albania,albania,Europe
Andorra,andorra,Europe
Austria,austria,Europe
Belarus,belarus,Europe
Belgium,belgium,Europe
Bosnia and Herzegovina,bosnia-and-herzegovina,Europe
Bulgaria,bulgaria,Europe
Croatia,croatia,Europe
Cyprus,cyprus,Europe
Czech Republic,czech-republic,Europe
Denmark,denmark,Europe
Estonia,estonia,Europe
Finland,finland,Europe
France,france,Europe
Germany,germany,Europe
Greece,greece,Europe
Hungary,hungary,Europe
Iceland,iceland,Europe
Ireland,ireland,Europe
Italy,italy,Europe
Kosovo,kosovo,Europe
Latvia,latvia,Europe
Liechtenstein,liechtenstein,Europe
Lithuania,lithuania,Europe
Luxembourg,luxembourg,Europe
Malta,malta,Europe
Moldova,moldova,Europe
Monaco,monaco,Europe
Montenegro,montenegro,Europe
Netherlands,netherlands,Europe
North Macedonia,north-macedonia,Europe
Norway,norway,Europe
Poland,poland,Europe
Portugal,portugal,Europe
Romania,romania,Europe
Russia,russia,Europe
San Marino,san-marino,Europe
Serbia,serbia,Europe
Slovakia,slovakia,Europe
Slovenia,slovenia,Europe
Spain,spain,Europe
Sweden,sweden,Europe
Switzerland,switzerland,Europe
Turkey,turkey,Europe
Ukraine,ukraine,Europe
United Kingdom,united-kingdom,Europe
Vatican City,vatican-city,Europe
Bahamas,bahamas,North America
Canada,canada,North America
Cuba,cuba,North America
Guatemala,guatemala,North America
Mexico,mexico,North America
United States of America,united-states-of-america,North America
Argentina,argentina,South America
Bolivia,bolivia,South America
Brazil,brazil,South America
Chile,chile,South America
Colombia,colombia,South America
Ecuador,ecuador,South America
Guyana,guyana,South America
Paraguay,paraguay,South America
Peru,peru,South America
Suriname,suriname,South America
Uruguay,uruguay,South America
Venezuela,venezuela,South America
